{
  "etc": -6.905007118144518,
  "eye": -5.865896590668073,
  "hoof": -5.4872687604504495,
  "leg": -6.504266088048517,
  "udder": -6.89888941530453
}